bölüm,hastalık1,hastalık2,hastalık3,hastalık4,hastalık5,hastalık6,hastalık7,hastalık8,hastalık9,hastalık10,hastalık11,hastalık12,hastalık13,hastalık14,hastalık15,hastalık16,hastalık17,hastalık18,hastalık19,hastalık20,hastalık21,hastalık22,hastalık23,hastalık24,hastalık25,hastalık26,hastalık27,Hastalık Bölümü
Aile Hekimliği,Akne,Alerji,Bronşiyal Astım,Suçiçeği,"Nezle, soğuk algınlığı",Diyabet,Mide Sorunu,İdrar yolu enfeksiyonu,Viral Enfeksiyon,,,,,,,,,,,,,,,,,,,
Algoloji,(vertigo) Paroymsal Pozisyonel Vertigo,Osteoartrit,Felç,Servikal spondiloz,Artrit,Varisli damarlar,,,,,,,,,,,,,,,,,,,,,,
"Ağız, Diş ve Çene Cerrahisi",Diş ağrısı,Diş çürüğü,Diş eti iltihabı,Osteomiyelit,,,,,,,,,,,,,,,,,,,,,,,,
"Ağız, Diş ve Çene Radyolojisi",Diş ağrısı,Diş çürüğü,Diş eti iltihabı,Çene ağrısı,,,,,,,,,,,,,,,,,,,,,,,,
Bağımlılık,Alkolik hepatit,Sarılık,Tükenmişlik,Endişe,Depresyon,Bulantı,Uykusuzluk,"Bilinç bulanıklığı, konfüzyon",Kusma,İştah kaybı,Yoksunluk belirtileri,Halüsinasyon,,,,,,,,,,,,,,,,"Bağımlılık, Gastroenteroloji, Gastroenteroloji Cerrahisi, Ruh Sağlığı ve Hastalıkları (Psikiyatri)"
Beyin ve Sinir Cerrahisi,Migren,Felç (beyin kanaması),,,,,,,,,,,,,,,,,,,,,,,,,,
Cerrahi Onkolojisi,Kanser,Tümör,Ülseratif kolit,Meme kanseri,Kolon kanseri,Tiroid bozuklukları,Özofagus hastalığı,Safra kesesi hastalığı,Yumurtalık hastalığı,,,,,,,,,,,,,,,,,,,Cerrahi Onkolojisi
Diş Hekimliği (Genel Diş),Diş ağrısı,Diş çürüğü,Diş eti iltihabı,Ağız kokusu,Ağız ülserleri,,,,,,,,,,,,,,,,,,,,,,,
El Cerrahisi,Osteoartrit,Artrit,Romatizmal eklem iltihabı,Karpal tünel sendromu,Parmaklarda karıncalanma ve uyuşma,Kas israfı,,,,,,,,,,,,,,,,,,,,,,El Cerrahisi
Endodonti,Diş ağrısı,Diş çürüğü,Pulpitis,Diş eti kanaması,,,,,,,,,,,,,,,,,,,,,,,,
Enfeksiyon Hastalıkları ve Klinik Mikrobiyoloji,AIDS,Kronik kolestaz,Dang humması,İlaç Reaksiyonu,Mantar enfeksiyonu,Hepatit B,Hepatit C,Hepatit D,Hepatit E,impetigo,Sarılık,Sıtma,Akciğer iltihaplanması,Tüberküloz,Tifo,Viral Enfeksiyon,sepsis,bulaşıcı gastroenterit,hepatit a,,,,,,,,,"Enfeksiyon Hastalıkları ve Klinik Mikrobiyoloji, Gastroenteroloji, Hematoloji, Nefroloji, İç Hastalıkları (Dahiliye)"
Gastroenteroloji,Alkolik hepatit,Kronik kolestaz,GERD,Mide Sorunu,Hepatit B,Hepatit C,Hepatit D,Hepatit E,Sarılık,Peptik ülser hastalığı,Akciğer iltihaplanması,Gastroenterit,Asit reflü,Sarılık,Siroz,Hazımsızlık,Kabızlık,İshal,"IBS, İrritabl Barsak Sendromu",akut pankreatit,kolesistit,mide-bağırsak kanaması,safra taşı,divertikülit,mide fıtığı,ülser,,"Bağımlılık, Gastroenteroloji, Gastroenteroloji Cerrahisi, Ruh Sağlığı ve Hastalıkları (Psikiyatri)"
Gastroenteroloji Cerrahisi,Alkolik hepatit,Tüberküloz,Kronik kolestaz,GERD,Peptik ülser hastalığı,,,,,,,,,,,,,,,,,,,,,,,"Bağımlılık, Gastroenteroloji, Gastroenteroloji Cerrahisi, Ruh Sağlığı ve Hastalıkları (Psikiyatri)"
Geleneksel Tamamlayıcı Tıp Ünitesi,Artrit,Osteoartrit,Sedef hastalığı,Migren,Felç,Servikal spondiloz,Varisli damarlar,Sırt Ağrısı,Hazımsızlık,,,,,,,,,,,,,,,,,,,"Gastroenteroloji, Geleneksel Tamamlayıcı Tıp Ünitesi"
Genel Cerrahi,Kronik kolestaz,GERD,Mide Sorunu,Hipertiroidizm,Peptik ülser hastalığı,apandisit,basur,hemoroid basur,,,,,,,,,,,,,,,,,,,,
Göğüs Hastalıkları,Bronşiyal Astım,Mantar enfeksiyonu,GERD,Tüberküloz,astım,koah,krup,bronşit,akut bronşit,zatürre,akut bronşiolit,akut bronkospazm,,,,,,,,,,,,,,,,"Enfeksiyon Hastalıkları ve Klinik Mikrobiyoloji, Gastroenteroloji Cerrahisi, Göğüs Hastalıkları, Radyasyon Onkolojisi, Radyoloji, İç Hastalıkları (Dahiliye)"
Hematoloji,Tifo,Anemi,Diş eti kanaması,Hepatit B,Hepatit C,Hepatit D,Sıtma,Dang humması,,,,,,,,,,,,,,,,,,,,"Enfeksiyon Hastalıkları ve Klinik Mikrobiyoloji, Gastroenteroloji, Hematoloji, Nefroloji, İç Hastalıkları (Dahiliye)"
Jinekolojik Onkoloji Cerrahisi,Mantar enfeksiyonu,Hepatit E,Hipotiroidizm,İdrar yolu enfeksiyonu,,,,,,,,,,,,,,,,,,,,,,,,
Kardiyoloji,Diyabet,Kalp krizi,Hipertansiyon,Hipertiroidizm,Felç (beyin kanaması),sinüs bradikardisi,hipertansif kalp hastalığı,anjina,göğüs ağrısı,,,,,,,,,,,,,,,,,,,"Kardiyoloji, Nefroloji, Perinatoloji, İç Hastalıkları (Dahiliye)"
Klinik Nörofizyoloji,Felç,Epilepsi,Migren,Baş dönmesi,Nöropati,Servikal spondiloz,Denge kaybı,Kas Zayıflığı,,,,,,,,,,,,,,,,,,,,
Kornea,Hipertansiyon,Konjonktivit,Göz iltihabı,Görme sorunları,,,,,,,,,,,,,,,,,,,,,,,,
Nefroloji,Hipertansiyon,Diyabet,İdrar yolu enfeksiyonu,Hipertiroidizm,Hepatit B,Hepatit C,Hepatit D,,,,,,,,,,,,,,,,,,,,,"Kardiyoloji, Nefroloji, Perinatoloji, İç Hastalıkları (Dahiliye)"
Neonatoloji,Yenidoğan sarılığı,,,İdrar yolu enfeksiyonu,,,,,,,,,,,,,,,,,,,,,,,,
Nöroloji,Hepatit D,Migren,Felç (beyin kanaması),Baş dönmesi,Dang humması,beyin sarsıntısı,multipl skleroz,periferik sinir bozukluğu,brakiyal nörit,,,,,,,,,,,,,,,,,,,
Oküloplasti,Pitozis,Konjonktivit,Göz çevresinde şişlik,Bulanık görüş,,,,,,,,,,,,,,,,,,,,,,,,
Perinatoloji,Akciğer iltihaplanması,Gebelik diyabeti,Hipertansiyon,Anemi,Ateş,Kusma,Preeklampsi,,,,,,,,,,,,,,,,,,,,,"Kardiyoloji, Nefroloji, Perinatoloji, İç Hastalıkları (Dahiliye)"
Periodontoloji,Diş ağrısı,Kötü nefes kokusu,Diş eti kanaması,Ağrılı diş etleri,Diş eti iltihabı,Periodontitis,Ağız enfeksiyonu,Yanak çevresinde şişlik,,,,,,,,,,,,,,,,,,,,Periodontoloji
"Plastik, Rekonstrüktif ve Estetik Cerrahi",Yanıklar,Kırık,Dislokasyon,Akne,Cilt enfeksiyonu,Kist,Vitiligo,Sedef hastalığı,,,,,,,,,,,,,,,,,,,,"Plastik, Rekonstrüktif ve Estetik Cerrahi"
Radyasyon Onkolojisi,Kanser,AIDS,Tüberküloz,,,,,,,,,,,,,,,,,,,,,,,,,"Enfeksiyon Hastalıkları ve Klinik Mikrobiyoloji, Gastroenteroloji Cerrahisi, Göğüs Hastalıkları, Radyasyon Onkolojisi, Radyoloji, İç Hastalıkları (Dahiliye)"
Radyoloji,Akciğer iltihaplanması,Tüberküloz,Bronşiyal Astım,Kronik kolestaz,gerd,Peptik ülser hastalığı,Kırık,Dislokasyon,Osteoartrit,Migren,Servikal spondiloz,Felç,,,,,,,,,,,,,,,,"Enfeksiyon Hastalıkları ve Klinik Mikrobiyoloji, Gastroenteroloji Cerrahisi, Göğüs Hastalıkları, Radyasyon Onkolojisi, Radyoloji, İç Hastalıkları (Dahiliye)"
Restoratif Diş Tedavisi,Diş ağrısı,Diş eti kanaması,Kötü nefes,,,,,,,,,,,,,,,,,,,,,,,,,Restoratif Diş Tedavisi
Retina,Bulanık görüş,Görme bozuklukları,Diyabet,,,,,,,,,,,,,,,,,,,,,,,,,
Romatoloji,Artrit,,Osteoartrit,Sedef hastalığı,,,,,,,,,,,,,,,,,,,,,,,,
Ruh Sağlığı ve Hastalıkları (Psikiyatri),Migren,Sedef hastalığı,Depresyon,Endişe,Ruh hali değişimleri,sinirlilik,Alkolik hepatit,İlaç Reaksiyonu,Uykusuzluk,Tükenmişlik,"Bilinç bulanıklığı, konfüzyon",Deliryum,,,,,,,,,,,,,,,,"Bağımlılık, Gastroenteroloji, Gastroenteroloji Cerrahisi, Ruh Sağlığı ve Hastalıkları (Psikiyatri)"
Sağlık Kurulu Erişkin,Felç,Osteoartrit,engelli,çalışma durumu,Kronik kolestaz,,,,,,,,,,,,,,,,,,,,,,,
Sağlık Kurulu ÇÖZGER (Çocuk Özel Gereksinim Raporu),Epilepsi,Zihinsel karışıklık,Anemi,Otizm,zihinsel seviye,,,,,,,,,,,,,,,,,,,,,,,Sağlık Kurulu ÇÖZGER (Çocuk Özel Gereksinim Raporu)
Spor Hekimliği,Kas ağrısı,Eklem ağrısı,Eklemlerin şişmesi,Kramp,Tükenmişlik,Baş dönmesi,Kırık,Burkulma,Sırt ağrısı,Boyun ağrısı,Yaralanma geçmişi,Vücudun bir tarafının zayıflığı,,,,,,,,,,,,,,,,
Sualtı Hekimliği ve Hiperbarik Tıp,karbon monoksit zehirlenmesi,Nefes darlığı,Baş dönmesi,Baş ağrısı,Göğüs ağrısı,Tükenmişlik,basınca bağlı bozukluklar,Dalgıç hastalıkları,,,,,,,,,,,,,,,,,,,,
Tıbbi Ekoloji ve Hidroklimatoloji,iklim,Osteoartrit,kronik yorgunluk,Eklem ağrısı,Kas zayıflığı,Tükenmişlik,Titreme,Eklemlerin şişmesi,Miyalji,,,,,,,,,,,,,,,,,,,
Tıbbi Genetik,Hepatit B,Hipotiroidizm,Diyabet,Epilepsi,Sedef hastalığı,alzheimer,,,,,,,,,,,,,,,,,,,,,,Tıbbi Genetik
Uyku Polikliniği,Felç (beyin kanaması),Uyku apnesi,uykusuzluk,aşırı uykululuk,horlama,REM bozuklukları,Uykusuzluk,Tükenmişlik,Endişe,Depresyon,Baş ağrısı,Zayıflık,,,,,,,,,,,,,,,,Uyku Polikliniği
Çocuk Cerrahisi,"Nezle, soğuk algınlığı",Dang humması,Kasık Fıtığı,Pilor Stenozu,İnmemiş Testis,Bağırsak Atrezisi,Hirschsprung Hastalığı,Gastroşizis,Hipospadias,Testis Torsiyonu,,,,,,,,,,,,,,,,,,Çocuk Cerrahisi
Çocuk Diş Hekimliği,Diş Çürüğü,Diş Travması,Diş eti iltihabı,Mine Hipoplazisi,maloklüzyon,,,,,,,,,,,,,,,,,,,,,,,Çocuk Diş Hekimliği
Çocuk Enfeksiyon Hastalıkları,Kabakulak,Suçiçeği,Kızamık,Kızamıkçık,Boğmaca,Bronşit,Akciğer iltihaplanması,Gastroenterit,Grip,,,,,,,,,,,,,,,,,,,Çocuk Enfeksiyon Hastalıkları
Çocuk Gastroenterolojisi,Laktoz İntoleransı,Çölyak Hastalığı,Bronşiyal Astım,Hipertiroidizm,Gastroözofageal Reflü (GERD),Kabızlık,Karın Ağrısı,İrritabl Bağırsak Sendromu (IBS),Peptik Ülser,,,,,,,,,,,,,,,,,,,
Çocuk Genetik Hastalıkları,Suçiçeği,Down Sendromu,Turner Sendromu,Kistik fibrozis,,Anemi,,,,,,,,,,,,,,,,,,,,,,
Çocuk Göğüs Hastalıkları,Bronşiyal Astım,impetigo,Bronşiyolit,Akut Solunum Yolu Enfeksiyonları,Pediatrik Tüberküloz,Kronik Öksürük,,,,,,,,,,,,,,,,,,,,,,
Çocuk Hematolojisi ve Onkolojisi,Hipertiroidizm,(vertigo) Paroymsal Pozisyonel Vertigo,Lösemi,Lenfoma,Anemi,Hemofili,Primer İmmün Yetmezlik Bozuklukları,,,,,,,,,,,,,,,,,,,,,
Çocuk Kardiyolojisi,Alerji,Kalp krizi,Hipotiroidizm,Konjenital Kalp Kusurları,Kalp Üfürümleri,Aritmiler,Romatizmal Kalp Hastalığı,Enfektif Endokardit,,,,,,,,,,,,,,,,,,,,Çocuk Kardiyolojisi
Çocuk Metabolizma Hastalıkları,Dimorfik hemoroidler (kazıklar),Fenilketonüri,Galaktozemi,Biyotinidaz Eksikliği,Glikojen Depolama Hastalığı,Hipotiroidizm,,,,,,,,,,,,,,,,,,,,,,
Çocuk Nefrolojisi,Gastroenterit,Nefrotik Sendrom,Glomerülonefrit,İdrar Yolu Enfeksiyonu,Vezikoüreteral Reflü,Polikistik böbrek hastalığı,,,,,,,,,,,,,,,,,,,,,,Çocuk Nefrolojisi
Çocuk Nörolojisi,Epilepsi,Otizm Spektrum Bozukluğu,Gelişimsel Gecikme,Serebral Palsi,Kas Distrofisi,Mikrosefali,,,,,,,,,,,,,,,,,,,,,,Çocuk Nörolojisi
Çocuk ve Ergen Ruh Sağlığı ve Hastalıkları,DEHB,Otizm,Anksiyete Bozuklukları,Depresyon,Tik Bozuklukları,Davranış Bozuklukları,,,,,,,,,,,,,,,,,,,,,,
Üroloji,Felç (beyin kanaması),akut böbrek hasarı,iyi huylu prostat hiperplazisi (bph),sistit,,,,,,,,,,,,,,,,,,,,,,,
İmmünoloji ve Alerji Hastalıkları,Alerji,İlaç Reaksiyonu,,,,,,,,,,,,,,,,,,,,,,,,,,
İç Hastalıkları (Dahiliye),Alerji,Artrit,Kronik kolestaz,Hepatit D,"Nezle, soğuk algınlığı",Dang humması,Diyabet,GERD,Mide Sorunu,Hepatit B,Hepatit C,Hepatit D,Hipertansiyon,Hipertiroidizm,Hipoglisemi,Hipotiroidizm,Sarılık,Sıtma,Migren,Osteoartrit,Felç (beyin kanaması),Peptik ülser hastalığı,Akciğer iltihaplanması,Tüberküloz,Tifo,İdrar yolu enfeksiyonu,Viral Enfeksiyon,"Enfeksiyon Hastalıkları ve Klinik Mikrobiyoloji, Gastroenteroloji, Hematoloji, Nefroloji, İç Hastalıkları (Dahiliye)"
Şaşılık,Şaşılık,,,,,,,,,,,,,,,,,,,,,,,,,,,
Deri ve Zührevi Hastalıkları(Dermatoloji),Akne,Suçiçeği,İlaç Reaksiyonu,Mantar enfeksiyonu,impetigo,Sedef hastalığı,Varisli Damarlar,,,,,,,,,,,,,,,,,,,,,
Kulak Burun Boğaz (KBB),"Nezle, soğuk algınlığı",Mantar enfeksiyonu,GERD,Baş dönmesi,,,,,,,,,,,,,,,,,,,,,,,,
Kalp ve Damar Cerrahisi,Kalp krizi,Varisli Damarlar,,,,,,,,,,,,,,,,,,,,,,,,,,
Endokrinoloji ve Metabolizma Hastalıkları,Hipertiroidizm,Hipoglisemi,Hipotiroidizm,,,,,,,,,,,,,,,,,,,,,,,,,
 Nükleer Tıp,Hipertiroidizm,,,,,,,,,,,,,,,,,,,,,,,,,,,
Ortopedi ve travmatoloji,Osteoartrit,bacak yaralanması,kol yaralanması,burkulma veya zorlanma,kalça artriti,omurilik stenozu,fıtıklaşmış disk,kireçlenme,spondiloz,,,,,,,,,,,,,,,,,,,
Fiziksel Tıp ve Rehabilitasyon (FTR),Osteoartrit,Felç (beyin kanaması),Varisli Damarlar,Baş dönmesi,,,,,,,,,,,,,,,,,,,,,,,,
Deri ve Zührevi Hastalıkları(Dermatoloji),aktinik keratoz,bebek bezi döküntüsü,sivilce,egzama,cilt polipi,yağ kisti,kontakt dermatit,,,,,,,,,,,,,,,,,,,,,
Kulak Burun Boğaz (KBB),akut sinüzit,orta kulak iltihabı,boğaz ağrısı,kulak zarı hasarı,arpacık,,,,,,,,,,,,,,,,,,,,,,,
Ruh Sağlığı ve Hastalıkları (Psikiyatri),panik atak,kişilik bozukluğu,esrar kötüye kullanımı,kaygı bozukluğu,şizofreni,,,,,,,,,,,,,,,,,,,,,,,
İç Hastalıkları (Dahiliye),gut,zatürre,ülser,astım,yüksek tansiyon,hipertansiyon,,,,,,,,,,,,,,,,,,,,,,
