text,label
başım çok ağrıyor,Nöroloji
sürekli baş dönmesi yaşıyorum,Nöroloji
migrenim tuttu dayanamıyorum,Nöroloji
kafamda uyuşma ve karıncalanma var,Nöroloji
şakaklarım zonkluyor,Nöroloji
unutkanlık başladı hatırlayamıyorum,Nöroloji
ellerimde titreme var parkinson olabilir mi,Nöroloji
dengemi sağlayamıyorum düşüyorum,Nöroloji
karnım çok şiddetli ağrıyor,Dahiliye
midem bulanıyor kusacak gibiyim,Dahiliye
sürekli ishal oluyorum,Dahiliye
kabızlık sorunum var şişkinlik yapıyor,Dahiliye
ateşim çok yükseldi halsizim,Dahiliye
mide yanması ve ekşime var,Dahiliye
hazımsızlık çekiyorum karnım şiş,Dahiliye
gözlerim çok bulanık görüyor,Göz Polikliniği
uzağı göremiyorum gözlük lazım,Göz Polikliniği
gözümde batma ve yanma var,Göz Polikliniği
gözüm kızardı ve sulanıyor,Göz Polikliniği
çift görüyorum netleyemiyorum,Göz Polikliniği
yakını okurken zorlanıyorum,Göz Polikliniği
göz kapağımda şişlik var,Göz Polikliniği
göğsümde sıkışma var nefes alamıyorum,Kardiyoloji
kalbim çok hızlı çarpıyor,Kardiyoloji
kalp krizi geçirmekten korkuyorum,Kardiyoloji
sol kolum uyuşuyor kalbim ağrıyor,Kardiyoloji
merdiven çıkarken nefes nefese kalıyorum,Kardiyoloji
tansiyonum çok yükseldi,Kardiyoloji
kalbimde ritim bozukluğu var,Kardiyoloji